{"name":"52f6ecc0-75f2-4ba9-8327-9fb98ad02b17","id":"/providers/Microsoft.Flow/flows/52f6ecc0-75f2-4ba9-8327-9fb98ad02b17","type":"Microsoft.Flow/flows","properties":{"apiId":"/providers/Microsoft.PowerApps/apis/shared_logicflows","displayName":"COVID-19 Confirmed Case Interview","definition":{"metadata":{"workflowEntityId":null,"processAdvisorMetadata":null,"flowclientsuspensionreason":"None","flowclientsuspensiontime":null,"creator":{"id":"4a20b32b-6b9c-4369-9a9f-fa7a378d5895","type":"User","tenantId":"84c3c774-7fdf-40e2-a590-27b2e70f8126"},"provisioningMethod":"FromDefinition","failureAlertSubscription":true,"clientLastModifiedTime":"2021-08-20T17:56:10.9341159Z"},"$schema":"https://schema.management.azure.com/providers/Microsoft.Logic/schemas/2016-06-01/workflowdefinition.json#","contentVersion":"1.0.0.0","parameters":{"$connections":{"defaultValue":{},"type":"Object"},"$authentication":{"defaultValue":{},"type":"SecureObject"}},"triggers":{"When_a_new_response_is_submitted":{"splitOn":"@triggerOutputs()?['body/value']","type":"OpenApiConnectionWebhook","inputs":{"host":{"apiId":"/providers/Microsoft.PowerApps/apis/shared_microsoftforms","connectionName":"shared_microsoftforms_2","operationId":"CreateFormWebhook"},"parameters":{"form_id":"dMfDhN9_4kClkCey5w-BJk3VHHQ_7EFGtkbb91Ra03dURUpERFg3SUs3WktYM0hIRllEQ0pQMlk0OC4u"},"authentication":"@parameters('$authentication')"}}},"actions":{"Get_response_details":{"runAfter":{},"type":"OpenApiConnection","inputs":{"host":{"apiId":"/providers/Microsoft.PowerApps/apis/shared_microsoftforms","connectionName":"shared_microsoftforms_2","operationId":"GetFormResponseById"},"parameters":{"form_id":"dMfDhN9_4kClkCey5w-BJk3VHHQ_7EFGtkbb91Ra03dURUpERFg3SUs3WktYM0hIRllEQ0pQMlk0OC4u","response_id":"@triggerOutputs()?['body/resourceData/responseId']"},"authentication":"@parameters('$authentication')"}},"Compose_-__Services":{"runAfter":{"Insert_NEW_COVID19_CASES":["Succeeded"]},"type":"Compose","inputs":"@split(replace(replace(replace(outputs('Get_response_details')?['body/rc647e3d6f687455a993cb4d18a58644f'], '\",\"', '|'), '[\"', ''), '\"]', ''), '|')"},"Compose_-_Symptoms":{"runAfter":{"Condition_-_Services":["Succeeded"]},"type":"Compose","inputs":"@split(replace(replace(replace(outputs('Get_response_details')?['body/rfc1aa2df53264905bb7a30a017ad795f'], '\",\"', '|'), '[\"', ''), '\"]', ''), '|')"},"Compose_-_MedicalConditions":{"runAfter":{"Condition_-_Symptoms":["Succeeded"]},"type":"Compose","inputs":"@split(replace(replace(replace(outputs('Get_response_details')?['body/rd29ed16f3c2b4ccdbb894bf2e8012da6'], '\",\"', '|'), '[\"', ''), '\"]', ''), '|')"},"Compose_-_Gatherings":{"runAfter":{"Condition_-_MedicalConditions":["Succeeded"]},"type":"Compose","inputs":"@split(replace(replace(replace(outputs('Get_response_details')?['body/rba79ee5f8627415da58eced79158217a'], '\",\"', '|'), '[\"', ''), '\"]', ''), '|')"},"Convert_time_zone_-_Submission_Time":{"runAfter":{"Get_response_details":["Succeeded"]},"type":"Expression","kind":"ConvertTimeZone","inputs":{"baseTime":"@outputs('Get_response_details')?['body/submitDate']","formatString":"f","sourceTimeZone":"UTC","destinationTimeZone":"Pacific Standard Time"},"description":"Convert UTC time to local time"},"Insert_NEW_COVID19_CASES":{"runAfter":{"Condition":["Succeeded"]},"type":"OpenApiConnection","inputs":{"host":{"apiId":"/providers/Microsoft.PowerApps/apis/shared_sql","connectionName":"shared_sql_2","operationId":"PostItem_V2"},"parameters":{"server":"default","database":"default","table":"[dbo].[NEW_COVID19_CASES]","item/IncidentID":"@variables('IncidentID')","item/FirstName":"@outputs('Get_response_details')?['body/r871ac8bdaaa84487b726daca3933fc37']","item/LastName":"@outputs('Get_response_details')?['body/rfd5af118401345178414323fb2602192']","item/DateOfBirth":"@outputs('Get_response_details')?['body/rdc876c33c1b3417d91cab2d8144c522c']","item/Sex":"@outputs('Get_response_details')?['body/r03009798857e41b5b1d52bffde027078']","item/City":"@outputs('Get_response_details')?['body/ree6c31a18d2c4cc3ad3f8c111de5c731']","item/Address":"@outputs('Get_response_details')?['body/rcb8bcfbd720f46fc816aeebe93aa5a41']","item/Telephone":"@outputs('Get_response_details')?['body/r98b34598c62c4711ad278c4e3a568be8']","item/Email":"@outputs('Get_response_details')?['body/responder']","item/TestedReason":"@outputs('Get_response_details')?['body/rabcbeb564b154974abe032a33765ed4f']","item/LabContact":"@if(equals(outputs('Get_response_details')?['body/rd30565ed8fa84d60af50d346e4fddeff'],'Yes'),true,false)","item/PersonContact":"@outputs('Get_response_details')?['body/r862bfda388644719937377a3a2013be1']","item/HomeSupport":"@if(equals(outputs('Get_response_details')?['body/rd8693f1aba554087a3dd273ef9eeb1fc'],'Yes'),true,false)","item/Symptomatic":"@if(equals(outputs('Get_response_details')?['body/r3962cd9906f042fb96166fae207c113e'],'Yes'),true,false)","item/SymptomOnset":"@if(empty(outputs('Get_response_details')?['body/radfa3188d02a44e9a1daae8dd0d00ad7']),null,outputs('Get_response_details')?['body/radfa3188d02a44e9a1daae8dd0d00ad7'])","item/CurrentlySymptomatic":"@if(equals(outputs('Get_response_details')?['body/r31adbf98200f445abdb343116614cdd2'],'Yes'),true,false)","item/SymptomResolved":"@if(empty(outputs('Get_response_details')?['body/r48ff4fa3d7a14550b87abf521e3b57bc']),null,outputs('Get_response_details')?['body/r48ff4fa3d7a14550b87abf521e3b57bc'])","item/MedicalConditons":"@if(equals(outputs('Get_response_details')?['body/rfbb396e4fbbf461e8cd0eb2fa9cfed53'],'Yes'),true,false)","item/Vaccine":"@if(equals(outputs('Get_response_details')?['body/rc670dccc5ed84668b6feab0c101b7507'],'Yes'),true,false)","item/VaccineType":"@outputs('Get_response_details')?['body/r07003b33d281493f97a4948a23199988']","item/Vaccine1Date":"@if(empty(outputs('Get_response_details')?['body/racf1f4e4991142669a7aa59c9ba12c00']),null,outputs('Get_response_details')?['body/racf1f4e4991142669a7aa59c9ba12c00'])","item/Vaccine2Date":"@if(empty(outputs('Get_response_details')?['body/rff551e7ef2d24794942e1c7278f6a80d']),null,outputs('Get_response_details')?['body/rff551e7ef2d24794942e1c7278f6a80d'])","item/MassGathering":"@if(equals(outputs('Get_response_details')?['body/rcaeab58a425140339889e011bf3de631'],'Yes'),true,false)","item/OutsideTravel":"@if(equals(outputs('Get_response_details')?['body/r29883da649db46918c9718b2f0688dd8'],'Yes'),true,false)","item/TravelStartDate":"@if(empty(outputs('Get_response_details')?['body/r0a6bd7d7656c49159ae89cf24c291b68']),null,outputs('Get_response_details')?['body/r0a6bd7d7656c49159ae89cf24c291b68'])","item/TravelEndDate":"@if(empty(outputs('Get_response_details')?['body/r277e7af1897744359ac7d5df13d0f603']),null,outputs('Get_response_details')?['body/r277e7af1897744359ac7d5df13d0f603'])","item/TravelPlane":"@if(equals(outputs('Get_response_details')?['body/r44639f09f58b42f286ffb401e27d1086'],'Yes'),true,false)","item/AirlineName":"@outputs('Get_response_details')?['body/r79b785519c7b4c8099221749855eff27']","item/TravelOther":"@if(equals(outputs('Get_response_details')?['body/r9aa6177a41374264aa3608fb8904c075'],'Yes'),true,false)","item/OtherName":"@outputs('Get_response_details')?['body/r1cbf422d392342ababbbc489328d9ae0']","item/TravelDestination":"@outputs('Get_response_details')?['body/r05286435f039492d8547119c42e340fd']","item/TravelCompanion":"@outputs('Get_response_details')?['body/r94ca4afb73a04643af6ccdd284ead889']","item/48HrsLocation":"@outputs('Get_response_details')?['body/r67baf4b2f96c47979db3fef6059c5f9d']","item/DayofLocation":"@outputs('Get_response_details')?['body/r2a34e8dda838480192a4301934ac1a0a']","item/DaysSinceLocation":"@outputs('Get_response_details')?['body/ra408cf1b965d4468aa5584970182a6ca']","item/HispanicOrigin":"@if(equals(outputs('Get_response_details')?['body/rdcd2b76ac6974d01ba5886b59c0c40ec'],'Yes'),true,false)","item/Employed":"@if(equals(outputs('Get_response_details')?['body/rb802372c2b3e4edbbee022d1cfaa0903'],'Yes'),true,false)","item/EmloyerName":"@outputs('Get_response_details')?['body/r9779d4963db54ce28366bcf28738fc0b']","item/EmployerAddr":"@outputs('Get_response_details')?['body/rd7e7b4f695214085a792a545acb2bdcc']","item/EmployerPhone":"@outputs('Get_response_details')?['body/r02057ec356c74b5c9d334c4c83462f96']","item/EmployerEmail":"@outputs('Get_response_details')?['body/rfd00cc8ec0c34a50b38327b8d6874ef6']","item/Occupation":"@outputs('Get_response_details')?['body/r0dc65bcd1b354c89b9b6e8c123b962bf']","item/HeathcareWorker":"@if(equals(outputs('Get_response_details')?['body/r5322271c03b6411791bc770019c31df3'],'Yes'),true,false)","item/StaffCongregateCare":"@if(equals(outputs('Get_response_details')?['body/rc17c2223b7bd426fba93c6a03dc8bf29'],'Yes'),true,false)","item/StaffStudent":"@if(equals(outputs('Get_response_details')?['body/ra0bad3a4b63c48cea2c5be26d07306ad'],'Yes'),true,false)","item/SchoolName":"@outputs('Get_response_details')?['body/redf2a4f5ff384c88b4a9354bbbe4357f']","item/AttendClass":"@if(equals(outputs('Get_response_details')?['body/r61cfca3eb8504cdda3478868f5fc2fb5'],'Yes'),true,false)","item/LiveOnCampus":"@if(equals(outputs('Get_response_details')?['body/r68540ad95dac436aa8e2f72e6ef1d4e7'],'Yes'),true,false)","item/SubmissionDate":"@body('Convert_time_zone_-_Submission_Time')"},"authentication":"@parameters('$authentication')"}},"Compose_-_Race":{"runAfter":{"Condition_-_Gatherings":["Succeeded"]},"type":"Compose","inputs":"@split(replace(replace(replace(outputs('Get_response_details')?['body/r07e99514e56e495dbca923255e470b1c'], '\",\"', '|'), '[\"', ''), '\"]', ''), '|')"},"Compose_-_Congregate_Care":{"runAfter":{"Condition_-_Race":["Succeeded"]},"type":"Compose","inputs":"@split(replace(replace(replace(outputs('Get_response_details')?['body/r31f795f97c4d440bbf10c3dc536e93a0'], '\",\"', '|'), '[\"', ''), '\"]', ''), '|')"},"Get_rows_(V2)":{"runAfter":{"Initialize_variable_-_IncidentID":["Succeeded"]},"type":"OpenApiConnection","inputs":{"host":{"apiId":"/providers/Microsoft.PowerApps/apis/shared_sql","connectionName":"shared_sql_1","operationId":"GetItems_V2"},"parameters":{"server":"default","database":"default","table":"[dbo].[vw_CalREADIE_DDP_SurveyLookUp]","$filter":"LastName eq '@{outputs('Compose-LastName')}' and FirstName eq '@{outputs('Compose-FirstName')}' and DOB eq '@{outputs('Compose-DOB')}'"},"authentication":"@parameters('$authentication')"}},"Compose-LastName":{"runAfter":{"Convert_time_zone_-_Submission_Time":["Succeeded"]},"type":"Compose","inputs":"@ToUpper(replace(replace(replace(replace(outputs('Get_response_details')?['body/rfd5af118401345178414323fb2602192'], '-', ''), ',', ''), '''', ''), ' ', ''))"},"Compose-FirstName":{"runAfter":{"Compose-LastName":["Succeeded"]},"type":"Compose","inputs":"@ToUpper(replace(replace(replace(replace(outputs('Get_response_details')?['body/r871ac8bdaaa84487b726daca3933fc37'], '-', ''), ',', ''), '''', ''), ' ', ''))"},"Compose-DOB":{"runAfter":{"Compose-FirstName":["Succeeded"]},"type":"Compose","inputs":"@formatDateTime(outputs('Get_response_details')?['body/rdc876c33c1b3417d91cab2d8144c522c'],'MM/dd/yyyy')"},"Initialize_variable_-_IncidentID":{"runAfter":{"Compose-DOB":["Succeeded"]},"type":"InitializeVariable","inputs":{"variables":[{"name":"IncidentID","type":"string","value":"0"}]}},"Condition":{"actions":{"Apply_to_each":{"foreach":"@outputs('Get_rows_(V2)')?['body/value']","actions":{"Set_variable_-_IncidentID":{"runAfter":{},"type":"SetVariable","inputs":{"name":"IncidentID","value":"@items('Apply_to_each')?['IncidentID']"}}},"runAfter":{},"type":"Foreach"}},"runAfter":{"Get_rows_(V2)":["Succeeded"]},"else":{"actions":{"Set_variable":{"runAfter":{},"type":"SetVariable","inputs":{"name":"IncidentID","value":"0"}}}},"expression":{"equals":[1,"@length(outputs('Get_rows_(V2)')?['body/value'])"]},"type":"If"},"Condition_-_Services":{"actions":{"Apply_to_each_-_Services":{"foreach":"@outputs('Compose_-__Services')","actions":{"Insert_row_-_Services":{"runAfter":{},"type":"OpenApiConnection","inputs":{"host":{"apiId":"/providers/Microsoft.PowerApps/apis/shared_sql","connectionName":"shared_sql_2","operationId":"PostItem_V2"},"parameters":{"server":"default","database":"default","table":"[dbo].[CV-Services]","item/CVResponseID":"@outputs('Insert_NEW_COVID19_CASES')?['body/CVResponseId']","item/Service":"@items('Apply_to_each_-_Services')"},"authentication":"@parameters('$authentication')"}}},"runAfter":{},"type":"Foreach"}},"runAfter":{"Compose_-__Services":["Succeeded"]},"expression":{"greater":["@length(outputs('Get_response_details')?['body/rc647e3d6f687455a993cb4d18a58644f'])",0]},"type":"If"},"Condition_-_Symptoms":{"actions":{"Apply_to_each_-_Symtoms":{"foreach":"@outputs('Compose_-_Symptoms')","actions":{"Insert_row_-_Symptoms":{"runAfter":{},"type":"OpenApiConnection","inputs":{"host":{"apiId":"/providers/Microsoft.PowerApps/apis/shared_sql","connectionName":"shared_sql_2","operationId":"PostItem_V2"},"parameters":{"server":"default","database":"default","table":"[dbo].[CV-Symptoms]","item/CVResponseID":"@outputs('Insert_NEW_COVID19_CASES')?['body/CVResponseId']","item/Symptom":"@items('Apply_to_each_-_Symtoms')"},"authentication":"@parameters('$authentication')"}}},"runAfter":{},"type":"Foreach"}},"runAfter":{"Compose_-_Symptoms":["Succeeded"]},"expression":{"greater":["@length(outputs('Get_response_details')?['body/rfc1aa2df53264905bb7a30a017ad795f'])",0]},"type":"If"},"Condition_-_MedicalConditions":{"actions":{"Apply_to_each_-_MedicalConditions":{"foreach":"@outputs('Compose_-_MedicalConditions')","actions":{"Insert_row_-_MedicalConditions":{"runAfter":{},"type":"OpenApiConnection","inputs":{"host":{"apiId":"/providers/Microsoft.PowerApps/apis/shared_sql","connectionName":"shared_sql_2","operationId":"PostItem_V2"},"parameters":{"server":"default","database":"default","table":"[dbo].[CV-MedicalCondition]","item/CVResponseID":"@outputs('Insert_NEW_COVID19_CASES')?['body/CVResponseId']","item/MedicalCondition":"@items('Apply_to_each_-_MedicalConditions')"},"authentication":"@parameters('$authentication')"}}},"runAfter":{},"type":"Foreach"}},"runAfter":{"Compose_-_MedicalConditions":["Succeeded"]},"expression":{"greater":["@length(outputs('Get_response_details')?['body/rd29ed16f3c2b4ccdbb894bf2e8012da6'])",0]},"type":"If"},"Condition_-_Gatherings":{"actions":{"Apply_to_each_-_Gatherings":{"foreach":"@outputs('Compose_-_Gatherings')","actions":{"Insert_row_-_Gatherings":{"runAfter":{},"type":"OpenApiConnection","inputs":{"host":{"apiId":"/providers/Microsoft.PowerApps/apis/shared_sql","connectionName":"shared_sql_2","operationId":"PostItem_V2"},"parameters":{"server":"default","database":"default","table":"[dbo].[CV-Gatherings]","item/CVResponseID":"@outputs('Insert_NEW_COVID19_CASES')?['body/CVResponseId']","item/Gathering":"@items('Apply_to_each_-_Gatherings')"},"authentication":"@parameters('$authentication')"}}},"runAfter":{},"type":"Foreach"}},"runAfter":{"Compose_-_Gatherings":["Succeeded"]},"expression":{"greater":["@length(outputs('Get_response_details')?['body/rba79ee5f8627415da58eced79158217a'])",0]},"type":"If"},"Condition_-_Race":{"actions":{"Apply_to_each_-_Race":{"foreach":"@outputs('Compose_-_Race')","actions":{"Insert_row_-_Race":{"runAfter":{},"type":"OpenApiConnection","inputs":{"host":{"apiId":"/providers/Microsoft.PowerApps/apis/shared_sql","connectionName":"shared_sql_2","operationId":"PostItem_V2"},"parameters":{"server":"default","database":"default","table":"[dbo].[CV-Race]","item/CVResponseID":"@outputs('Insert_NEW_COVID19_CASES')?['body/CVResponseId']","item/Race":"@items('Apply_to_each_-_Race')"},"authentication":"@parameters('$authentication')"}}},"runAfter":{},"type":"Foreach"}},"runAfter":{"Compose_-_Race":["Succeeded"]},"expression":{"greater":["@length(outputs('Get_response_details')?['body/r07e99514e56e495dbca923255e470b1c'])",0]},"type":"If"},"Condition_-_Congregate_Care":{"actions":{"Apply_to_each_-_Congregate_Care":{"foreach":"@outputs('Compose_-_Congregate_Care')","actions":{"Insert_row_-_Congregate_Care":{"runAfter":{},"type":"OpenApiConnection","inputs":{"host":{"apiId":"/providers/Microsoft.PowerApps/apis/shared_sql","connectionName":"shared_sql_2","operationId":"PostItem_V2"},"parameters":{"server":"default","database":"default","table":"[dbo].[CV-CongregateCare]","item/CVResponseID":"@outputs('Insert_NEW_COVID19_CASES')?['body/CVResponseId']","item/CongregateCare":"@items('Apply_to_each_-_Congregate_Care')"},"authentication":"@parameters('$authentication')"}}},"runAfter":{},"type":"Foreach"}},"runAfter":{"Compose_-_Congregate_Care":["Succeeded"]},"expression":{"greater":["@length(outputs('Get_response_details')?['body/r31f795f97c4d440bbf10c3dc536e93a0'])",0]},"type":"If"},"Send_an_email_(V2)":{"runAfter":{"Insert_NEW_COVID19_CASES":["Failed","TimedOut"]},"type":"OpenApiConnection","inputs":{"host":{"apiId":"/providers/Microsoft.PowerApps/apis/shared_office365","connectionName":"shared_office365","operationId":"SendEmailV2"},"parameters":{"emailMessage/To":"blopez@co.slo.ca.us;kherrscher@co.slo.ca.us","emailMessage/Subject":"Covid-19 Results Flow Encountered","emailMessage/Body":"<p>@{variables('IncidentID')} is the row that failed. &nbsp;This is from the Insert on the New Covid19 Cases table on HADBPRD19, EPI_SURVEYS DB.&nbsp;</p>"},"authentication":"@parameters('$authentication')"}}},"outputs":{}},"connectionReferences":{"shared_microsoftforms_2":{"connectionName":"shared-microsoftform-a171b4b5-a300-4943-bf11-8c09-bbddc097","source":"Embedded","id":"/providers/Microsoft.PowerApps/apis/shared_microsoftforms","tier":"NotSpecified"},"shared_sql_2":{"connectionName":"shared-sql-ffe29760-fe95-4fb6-b6b5-332d-c2599e7a","source":"Embedded","id":"/providers/Microsoft.PowerApps/apis/shared_sql","tier":"NotSpecified"},"shared_sql_1":{"connectionName":"shared-sql-2aaa1563-26b8-4a35-b64c-902d-7e8f05a7","source":"Embedded","id":"/providers/Microsoft.PowerApps/apis/shared_sql","tier":"NotSpecified"},"shared_office365":{"connectionName":"shared-office365-e3aca173-0bf4-4d30-bb1e-761e-336f60b4","source":"Embedded","id":"/providers/Microsoft.PowerApps/apis/shared_office365","tier":"NotSpecified"}},"flowFailureAlertSubscribed":false}}