{"name":"8cf2461a-fc1f-4d45-a975-36ca7f91ce3d","id":"/providers/Microsoft.Flow/flows/8cf2461a-fc1f-4d45-a975-36ca7f91ce3d","type":"Microsoft.Flow/flows","properties":{"apiId":"/providers/Microsoft.PowerApps/apis/shared_logicflows","displayName":"Excel Import","definition":{"metadata":{"workflowEntityId":null,"processAdvisorMetadata":null,"flowclientsuspensionreason":"None","flowclientsuspensiontime":null,"creator":{"id":"82df8e6d-8136-444f-b7a5-97193e6aa438","type":"User","tenantId":"84c3c774-7fdf-40e2-a590-27b2e70f8126"},"provisioningMethod":"FromDefinition","failureAlertSubscription":true,"clientLastModifiedTime":"2021-08-20T17:07:27.3438163Z"},"$schema":"https://schema.management.azure.com/providers/Microsoft.Logic/schemas/2016-06-01/workflowdefinition.json#","contentVersion":"1.0.0.0","parameters":{"$connections":{"defaultValue":{},"type":"Object"},"$authentication":{"defaultValue":{},"type":"SecureObject"}},"triggers":{"manual":{"type":"Request","kind":"Button","inputs":{"schema":{"type":"object","properties":{},"required":[]}}}},"actions":{"List_rows_present_in_a_table":{"runAfter":{},"metadata":{"01ZMSOZDLKCHL73HRPJ5G24VARBJGHFME5":"/COVID-19 Confirmed Case Interview(1-130).xlsx","tableId":"1","01ZMSOZDLWOECP6JVYUVHZCCKRRSKD5OGA":"/COVID-19 Confirmed Case Interview(1-159).xlsx"},"type":"OpenApiConnection","inputs":{"host":{"apiId":"/providers/Microsoft.PowerApps/apis/shared_excelonlinebusiness","connectionName":"shared_excelonlinebusiness","operationId":"GetItems"},"parameters":{"source":"me","drive":"b!69eXKJ0TYU2ucvfOOXS5RkUsTTzzG89ApitHpWEFTA5_T1REPrJmRIFUtiYCbk5M","file":"01ZMSOZDLWOECP6JVYUVHZCCKRRSKD5OGA","table":"1","$top":10,"$skip":60},"authentication":{"value":"@json(decodeBase64(triggerOutputs().headers['X-MS-APIM-Tokens']))['$ConnectionKey']","type":"Raw"}}},"Apply_to_each_Excel_Row":{"foreach":"@outputs('List_rows_present_in_a_table')?['body/value']","actions":{"Compose-LastName":{"runAfter":{},"type":"Compose","inputs":"@ToUpper(replace(replace(replace(replace(items('Apply_to_each_Excel_Row')?['What is your last name?'], '-', ''), ',', ''), '''', ''), ' ', ''))"},"Compose-FirstName":{"runAfter":{"Compose-LastName":["Succeeded"]},"type":"Compose","inputs":"@ToUpper(replace(replace(replace(replace(items('Apply_to_each_Excel_Row')?['What is your first name?'], '-', ''), ',', ''), '''', ''), ' ', ''))"},"Compose-DOB":{"runAfter":{"Compose-FirstName":["Succeeded"]},"type":"Compose","inputs":"@formatDateTime(addDays('1900-01-01', add(int(items('Apply_to_each_Excel_Row')?['What is your date of birth?']),-2)), 'MM/dd/yyyy')"},"Get_rows_IncidentID":{"runAfter":{"Compose-DOB":["Succeeded"]},"type":"OpenApiConnection","inputs":{"host":{"apiId":"/providers/Microsoft.PowerApps/apis/shared_sql","connectionName":"shared_sql_3","operationId":"GetItems_V2"},"parameters":{"server":"HADWR12","database":"COVID19","table":"[dbo].[vw_CalREADIE_DDP_SurveyLookUp]","$filter":"LastName eq '@{outputs('Compose-LastName')}' and FirstName eq '@{outputs('Compose-FirstName')}' and DOB eq '@{outputs('Compose-DOB')}'"},"authentication":{"value":"@json(decodeBase64(triggerOutputs().headers['X-MS-APIM-Tokens']))['$ConnectionKey']","type":"Raw"}}},"Condition_for_HADWR12_Survey_Lookup":{"actions":{"Apply_to_each_IncidentID":{"foreach":"@outputs('Get_rows_IncidentID')?['body/value']","actions":{"Set_variable_IncidentID":{"runAfter":{},"type":"SetVariable","inputs":{"name":"IncidentID","value":"@items('Apply_to_each_IncidentID')?['IncidentID']"}}},"runAfter":{},"type":"Foreach"}},"runAfter":{"Get_rows_IncidentID":["Succeeded"]},"else":{"actions":{"Set_variable_IncidentID_to_Zero":{"runAfter":{},"type":"SetVariable","inputs":{"name":"IncidentID","value":"0"}}}},"expression":{"equals":[1,"@length(outputs('Get_rows_IncidentID')?['body/value'])"]},"type":"If"},"Compose-Completion-Time":{"runAfter":{"Condition_for_HADWR12_Survey_Lookup":["Succeeded"]},"type":"Compose","inputs":"@formatDateTime(addDays('1900-01-01', add(int(First(split(items('Apply_to_each_Excel_Row')?['Completion time'], '.'))),-2)), 'yyyy-MM-dd')"},"Condition-OnSet-Date":{"actions":{"Set_variable_2":{"runAfter":{},"type":"SetVariable","inputs":{"name":"Symptom-Onset-Date","value":"@{null}"}}},"runAfter":{"Compose-Completion-Time":["Succeeded"]},"else":{"actions":{"Compose-Symptom-Onset-Date":{"runAfter":{},"type":"Compose","inputs":"@formatDateTime(addDays('1900-01-01', add(int(items('Apply_to_each_Excel_Row')?['If you were symptomatic, what was the date of first symptom onset?']),-2)), 'yyyy-MM-dd')"},"Set_variable_3":{"runAfter":{"Compose-Symptom-Onset-Date":["Succeeded"]},"type":"SetVariable","inputs":{"name":"Symptom-Onset-Date","value":"@{outputs('Compose-Symptom-Onset-Date')}"}}}},"expression":{"equals":["@empty(items('Apply_to_each_Excel_Row')?['If you were symptomatic, what was the date of first symptom onset?'])","@true"]},"type":"If"},"Condition-Symptom-Resolved-Date":{"actions":{"Set_variable":{"runAfter":{},"type":"SetVariable","inputs":{"name":"Symptoms Resolved Date","value":"@{null}"}}},"runAfter":{"Condition-OnSet-Date":["Succeeded"]},"else":{"actions":{"Compose-Symptom-Resolved-Date":{"runAfter":{},"type":"Compose","inputs":"@formatDateTime(addDays('1900-01-01', add(int(items('Apply_to_each_Excel_Row')?['Date your symptoms resolved? (please leave blank if you are still symptomatic)']),-2)), 'yyyy-MM-dd')"},"Set_variable_4":{"runAfter":{"Compose-Symptom-Resolved-Date":["Succeeded"]},"type":"SetVariable","inputs":{"name":"Symptoms Resolved Date","value":"@{outputs('Compose-Symptom-Resolved-Date')}"}}}},"expression":{"equals":["@empty(items('Apply_to_each_Excel_Row')?['Date your symptoms resolved? (please leave blank if you are still symptomatic)'])","@true"]},"type":"If"},"Condition-VAX1-Date":{"actions":{"Set_variable_5":{"runAfter":{},"type":"SetVariable","inputs":{"name":"Vax1-Date","value":"@{null}"}}},"runAfter":{"Condition-Symptom-Resolved-Date":["Succeeded"]},"else":{"actions":{"Compose-vax1-date":{"runAfter":{},"type":"Compose","inputs":"@formatDateTime(addDays('1900-01-01', add(int(items('Apply_to_each_Excel_Row')?['What was the date of your first dose of COVID-19 vaccine?']),-2)), 'yyyy-MM-dd')"},"Set_variable_6":{"runAfter":{"Compose-vax1-date":["Succeeded"]},"type":"SetVariable","inputs":{"name":"Vax1-Date","value":"@{outputs('Compose-vax1-date')}"}}}},"expression":{"equals":["@empty(items('Apply_to_each_Excel_Row')?['What was the date of your first dose of COVID-19 vaccine?'])","@true"]},"type":"If"},"Condition-VAX2-Date":{"actions":{"Set_variable_7":{"runAfter":{},"type":"SetVariable","inputs":{"name":"Vax2-Date","value":"@{null}"}}},"runAfter":{"Condition-VAX1-Date":["Succeeded"]},"else":{"actions":{"Compose-VAX2-Date":{"runAfter":{},"type":"Compose","inputs":"@formatDateTime(addDays('1900-01-01', add(int(items('Apply_to_each_Excel_Row')?['What was the date of your second dose of COVID-19 vaccine? (please leave blank if you have not received your second vaccine)']),-2)), 'yyyy-MM-dd')"},"Set_variable_8":{"runAfter":{"Compose-VAX2-Date":["Succeeded"]},"type":"SetVariable","inputs":{"name":"Vax2-Date","value":"@{outputs('Compose-VAX2-Date')}"}}}},"expression":{"equals":["@empty(items('Apply_to_each_Excel_Row')?['What was the date of your second dose of COVID-19 vaccine? (please leave blank if you have not received your second vaccine)'])","@true"]},"type":"If"},"Condition-Travel-Start-Date":{"actions":{"Set_variable_9":{"runAfter":{},"type":"SetVariable","inputs":{"name":"Travel Start Date","value":"@{null}"}}},"runAfter":{"Condition-VAX2-Date":["Succeeded"]},"else":{"actions":{"Compose-Travel-Start-Date":{"runAfter":{},"type":"Compose","inputs":"@formatDateTime(addDays('1900-01-01', add(int(items('Apply_to_each_Excel_Row')?['What was your travel start date?']),-2)), 'yyyy-MM-dd')"},"Set_variable_10":{"runAfter":{"Compose-Travel-Start-Date":["Succeeded"]},"type":"SetVariable","inputs":{"name":"Travel Start Date","value":"@{outputs('Compose-Travel-Start-Date')}"}}}},"expression":{"equals":["@empty(items('Apply_to_each_Excel_Row')?['What was your travel start date?'])","@true"]},"type":"If"},"Condition-Travel-End-Date":{"actions":{"Set_variable_11":{"runAfter":{},"type":"SetVariable","inputs":{"name":"Travel End Date","value":"@{null}"}}},"runAfter":{"Condition-Travel-Start-Date":["Succeeded"]},"else":{"actions":{"Compose-Travel-End-Date":{"runAfter":{},"type":"Compose","inputs":"@formatDateTime(addDays('1900-01-01', add(int(items('Apply_to_each_Excel_Row')?['What was your travel end date?']),-2)), 'yyyy-MM-dd')"},"Set_variable_12":{"runAfter":{"Compose-Travel-End-Date":["Succeeded"]},"type":"SetVariable","inputs":{"name":"Travel End Date","value":"@{outputs('Compose-Travel-End-Date')}"}}}},"expression":{"equals":["@empty(items('Apply_to_each_Excel_Row')?['What was your travel end date?'])","@true"]},"type":"If"},"Insert_row_Survey_Response":{"runAfter":{"Condition-Travel-End-Date":["Succeeded"]},"type":"OpenApiConnection","inputs":{"host":{"apiId":"/providers/Microsoft.PowerApps/apis/shared_sql","connectionName":"shared_sql_1","operationId":"PostItem_V2"},"parameters":{"server":"default","database":"default","table":"[dbo].[NEW_COVID19_CASES]","item/IncidentID":"@variables('IncidentID')","item/FirstName":"@items('Apply_to_each_Excel_Row')?['What is your first name?']","item/LastName":"@items('Apply_to_each_Excel_Row')?['What is your last name?']","item/DateOfBirth":"@outputs('Compose-DOB')","item/Sex":"@items('Apply_to_each_Excel_Row')?['What is your sex?']","item/City":"@items('Apply_to_each_Excel_Row')?['What city do you live in?']","item/Address":"@items('Apply_to_each_Excel_Row')?['What is your home address?']","item/Telephone":"@items('Apply_to_each_Excel_Row')?['What is your telephone number?']","item/Email":"@items('Apply_to_each_Excel_Row')?['What is your email address?']","item/TestedReason":"@items('Apply_to_each_Excel_Row')?['Why were you tested? (employer requirements, symptomatic, you were a close contact to someone with COVID-19, etc_x002e_)']","item/LabContact":"@if(equals(items('Apply_to_each_Excel_Row')?['Have you been in contact with another lab confirmed COVID-19 case?'],'Yes'),true,false)","item/PersonContact":"@items('Apply_to_each_Excel_Row')?['Please provide the full name, date of birth, and contact information for the person(s) you have been in contact with_x002e_']","item/HomeSupport":"@if(equals(items('Apply_to_each_Excel_Row')?['Do you need support to be able to stay at home?'],'Yes'),true,false)","item/Symptomatic":"@if(equals(items('Apply_to_each_Excel_Row')?['Have you been experiencing symptoms of COVID-19?'],'Yes'),true,false)","item/SymptomOnset":"@if(empty(variables('Symptom-Onset-Date')),null,variables('Symptom-Onset-Date'))","item/CurrentlySymptomatic":"@if(equals(items('Apply_to_each_Excel_Row')?['Are you still symptomatic?'],'Yes'),true,false)","item/SymptomResolved":"@if(empty(variables('Symptoms Resolved Date')),null,variables('Symptoms Resolved Date'))","item/MedicalConditons":"@if(equals(items('Apply_to_each_Excel_Row')?['Do you have any medical conditions?'],'Yes'),true,false)","item/Vaccine":"@if(equals(items('Apply_to_each_Excel_Row')?['Have you received a COVID-19 vaccine?'],'Yes'),true,false)","item/VaccineType":"@{items('Apply_to_each_Excel_Row')?['Which vaccine did you receive?']} ","item/Vaccine1Date":"@if(empty(variables('Vax1-Date')),null,variables('Vax1-Date'))","item/Vaccine2Date":"@if(empty(variables('Vax2-Date')),null,variables('Vax2-Date'))","item/MassGathering":"@if(equals(items('Apply_to_each_Excel_Row')?['Have you attended any large gatherings including, but not limited to, religious services, protest, concerts, rally, or friend~1family gatherings?'],'Yes'),true,false)","item/OutsideTravel":"@if(equals(items('Apply_to_each_Excel_Row')?['Did you travel outside of San Luis Obispo County in the 14 days prior to illness onset and~1or testing positive?'],'Yes'),true,false)","item/TravelStartDate":"@if(empty(outputs('Compose-Travel-Start-Date')),null,outputs('Compose-Travel-Start-Date'))","item/TravelEndDate":"@if(empty(outputs('Compose-Travel-End-Date')),null,outputs('Compose-Travel-End-Date'))","item/TravelPlane":"@if(equals(items('Apply_to_each_Excel_Row')?['Did you travel by plane?'],'Yes'),true,false)","item/AirlineName":"@{items('Apply_to_each_Excel_Row')?['What airline did you fly with and what was your flight number(s)?']} ","item/TravelOther":"@if(equals(items('Apply_to_each_Excel_Row')?['Did you travel by bus, train, or boat?'],'Yes'),true,false)","item/OtherName":"@items('Apply_to_each_Excel_Row')?['What was the company (e_x002e_g_x002e_ Amtrack) and ticket number(s)?']","item/TravelDestination":"@items('Apply_to_each_Excel_Row')?['Where did you travel to (city, state)?']","item/TravelCompanion":"@items('Apply_to_each_Excel_Row')?['Who did you travel with (companions contacts)?']","item/48HrsLocation":"@items('Apply_to_each_Excel_Row')?['In the 48 hours prior to becoming ill and or testing positive, where did you go? This includes if you went to work, school, out to eat, if you used public transportation, etc_x002e_']","item/DayofLocation":"@items('Apply_to_each_Excel_Row')?['On the day your symptoms began, did you go anywhere? If you do not have symptoms please put N A below_x002e_']","item/DaysSinceLocation":" @{items('Apply_to_each_Excel_Row')?['In the days since your symptoms began, day by day, please try to remember where you have been, and with who_x002e_ If you do not have symptoms please put N A below_x002e_']}","item/HispanicOrigin":"@if(equals(items('Apply_to_each_Excel_Row')?['Are you Hispanic, Latino or of Spanish Origin?'],'Yes'),true,false)","item/Employed":"@if(equals(items('Apply_to_each_Excel_Row')?['Are you currently employed?'],'Yes'),true,false)","item/EmloyerName":"@items('Apply_to_each_Excel_Row')?['Employer name_x003a_']","item/EmployerAddr":"@items('Apply_to_each_Excel_Row')?['What is the address of your employment? (if you work remote from home please put that below)']","item/EmployerPhone":"@items('Apply_to_each_Excel_Row')?['Employer phone number_x003a_']","item/EmployerEmail":"@items('Apply_to_each_Excel_Row')?['Employer email_x003a_']","item/Occupation":"@{items('Apply_to_each_Excel_Row')?['What is your occupation?']} ","item/HeathcareWorker":"@if(equals(items('Apply_to_each_Excel_Row')?['Are you a health care worker?'],'Yes'),true,false)","item/StaffCongregateCare":"@if(equals(items('Apply_to_each_Excel_Row')?['Are you a staff member or resident at a congregate setting (e_x002e_g_x002e_ skilled nursing facility, jail)'],'Yes'),true,false)","item/StaffStudent":"@if(equals(items('Apply_to_each_Excel_Row')?['Are you a staff member or student at a school?'],'Yes'),true,false)","item/SchoolName":"@items('Apply_to_each_Excel_Row')?['Name of school?']","item/AttendClass":"@if(equals(items('Apply_to_each_Excel_Row')?['Do you attend class on campus?'],'Yes'),true,false)","item/LiveOnCampus":"@if(equals(items('Apply_to_each_Excel_Row')?['Do you live on campus? (i_x002e_e_x002e_ college dorms)'],'Yes'),true,false)","item/SubmissionDate":"@outputs('Compose-Completion-Time')"},"authentication":{"value":"@json(decodeBase64(triggerOutputs().headers['X-MS-APIM-Tokens']))['$ConnectionKey']","type":"Raw"}}},"Condition-SymptomsSplit":{"actions":{"Compose-SymptomSplit":{"runAfter":{},"type":"Compose","inputs":"@Split(substring(items('Apply_to_each_Excel_Row')?['If you were symptomatic, please mark all of the symptoms that apply to you'], 0, Sub(Length(items('Apply_to_each_Excel_Row')?['If you were symptomatic, please mark all of the symptoms that apply to you']), 1)), ';')"},"Apply_to_each_SymptomSplit":{"foreach":"@outputs('Compose-SymptomSplit')","actions":{"Insert_row_CV-Symptoms_Table":{"runAfter":{},"type":"OpenApiConnection","inputs":{"host":{"apiId":"/providers/Microsoft.PowerApps/apis/shared_sql","connectionName":"shared_sql_1","operationId":"PostItem_V2"},"parameters":{"server":"default","database":"default","table":"[dbo].[CV-Symptoms]","item/CVResponseID":"@outputs('Insert_row_Survey_Response')?['body/CVResponseId']","item/Symptom":"@items('Apply_to_each_SymptomSplit')"},"authentication":{"value":"@json(decodeBase64(triggerOutputs().headers['X-MS-APIM-Tokens']))['$ConnectionKey']","type":"Raw"}}}},"runAfter":{"Compose-SymptomSplit":["Succeeded"]},"type":"Foreach"}},"runAfter":{"Insert_row_Survey_Response":["Succeeded"]},"expression":{"greater":["@length(items('Apply_to_each_Excel_Row')?['If you were symptomatic, please mark all of the symptoms that apply to you'])",0]},"type":"If"},"Condition-ServicesSplit":{"actions":{"Compose-ServicesSplit":{"runAfter":{},"type":"Compose","inputs":"@Split(substring(items('Apply_to_each_Excel_Row')?['Please let us know things you might need (mark all that apply)_x003a_'], 0, Sub(Length(items('Apply_to_each_Excel_Row')?['Please let us know things you might need (mark all that apply)_x003a_']), 1)), ';')"},"Apply_to_each_Services_Split":{"foreach":"@outputs('Compose-ServicesSplit')","actions":{"Insert_row_(V2)":{"runAfter":{},"type":"OpenApiConnection","inputs":{"host":{"apiId":"/providers/Microsoft.PowerApps/apis/shared_sql","connectionName":"shared_sql_1","operationId":"PostItem_V2"},"parameters":{"server":"default","database":"default","table":"[dbo].[CV-Services]","item/CVResponseID":"@outputs('Insert_row_Survey_Response')?['body/CVResponseId']","item/Service":"@items('Apply_to_each_Services_Split')"},"authentication":{"value":"@json(decodeBase64(triggerOutputs().headers['X-MS-APIM-Tokens']))['$ConnectionKey']","type":"Raw"}}}},"runAfter":{"Compose-ServicesSplit":["Succeeded"]},"type":"Foreach"}},"runAfter":{"Condition-SymptomsSplit":["Succeeded"]},"expression":{"greater":["@length(items('Apply_to_each_Excel_Row')?['Please let us know things you might need (mark all that apply)_x003a_'])",0]},"type":"If"},"Condition-RaceSplit":{"actions":{"Compose-RaceSplit":{"runAfter":{},"type":"Compose","inputs":"@Split(substring(items('Apply_to_each_Excel_Row')?['How would you describe yourself in terms of race?'], 0, Sub(Length(items('Apply_to_each_Excel_Row')?['How would you describe yourself in terms of race?']), 1)), ';')"},"Apply_to_each_RaceSplit":{"foreach":"@outputs('Compose-RaceSplit')","actions":{"Insert_row_CV-Race":{"runAfter":{},"type":"OpenApiConnection","inputs":{"host":{"apiId":"/providers/Microsoft.PowerApps/apis/shared_sql","connectionName":"shared_sql_1","operationId":"PostItem_V2"},"parameters":{"server":"default","database":"default","table":"[dbo].[CV-Race]","item/CVResponseID":"@outputs('Insert_row_Survey_Response')?['body/CVResponseId']","item/Race":"@items('Apply_to_each_RaceSplit')"},"authentication":{"value":"@json(decodeBase64(triggerOutputs().headers['X-MS-APIM-Tokens']))['$ConnectionKey']","type":"Raw"}}}},"runAfter":{"Compose-RaceSplit":["Succeeded"]},"type":"Foreach"}},"runAfter":{"Condition-ServicesSplit":["Succeeded"]},"expression":{"greater":["@length(items('Apply_to_each_Excel_Row')?['How would you describe yourself in terms of race?'])",0]},"type":"If"},"Condition-MedicalConditions":{"actions":{"Compose-MedicalConditionsSplit":{"runAfter":{},"type":"Compose","inputs":"@Split(substring(items('Apply_to_each_Excel_Row')?['Please check all conditions that apply_x003a_'], 0, Sub(Length(items('Apply_to_each_Excel_Row')?['Please check all conditions that apply_x003a_']), 1)), ';')"},"Apply_to_each":{"foreach":"@outputs('Compose-MedicalConditionsSplit')","actions":{"Insert_row_CV-MedicalCondition":{"runAfter":{},"type":"OpenApiConnection","inputs":{"host":{"apiId":"/providers/Microsoft.PowerApps/apis/shared_sql","connectionName":"shared_sql_1","operationId":"PostItem_V2"},"parameters":{"server":"default","database":"default","table":"[dbo].[CV-MedicalCondition]","item/CVResponseID":"@outputs('Insert_row_Survey_Response')?['body/CVResponseId']","item/MedicalCondition":"@items('Apply_to_each')"},"authentication":{"value":"@json(decodeBase64(triggerOutputs().headers['X-MS-APIM-Tokens']))['$ConnectionKey']","type":"Raw"}}}},"runAfter":{"Compose-MedicalConditionsSplit":["Succeeded"]},"type":"Foreach"}},"runAfter":{"Condition-RaceSplit":["Succeeded"]},"expression":{"greater":["@length(items('Apply_to_each_Excel_Row')?['Please check all conditions that apply_x003a_'])",0]},"type":"If"},"Condition-Gatherings":{"actions":{"Compose-GatheringSplit":{"runAfter":{},"type":"Compose","inputs":"@Split(substring(items('Apply_to_each_Excel_Row')?['Please check all gatherings that apply'], 0, Sub(Length(items('Apply_to_each_Excel_Row')?['Please check all gatherings that apply']), 1)), ';')"},"Apply_to_each_Gathering_Row":{"foreach":"@outputs('Compose-GatheringSplit')","actions":{"Insert_row_CV-Gatherings":{"runAfter":{},"type":"OpenApiConnection","inputs":{"host":{"apiId":"/providers/Microsoft.PowerApps/apis/shared_sql","connectionName":"shared_sql_1","operationId":"PostItem_V2"},"parameters":{"server":"default","database":"default","table":"[dbo].[CV-Gatherings]","item/CVResponseID":"@outputs('Insert_row_Survey_Response')?['body/CVResponseId']","item/Gathering":"@items('Apply_to_each_Gathering_Row')"},"authentication":{"value":"@json(decodeBase64(triggerOutputs().headers['X-MS-APIM-Tokens']))['$ConnectionKey']","type":"Raw"}}}},"runAfter":{"Compose-GatheringSplit":["Succeeded"]},"type":"Foreach"}},"runAfter":{"Condition-MedicalConditions":["Succeeded"]},"expression":{"greater":["@length(items('Apply_to_each_Excel_Row')?['Please check all gatherings that apply'])",0]},"type":"If"},"Condition-CongregateCare":{"actions":{"Compose-CongregateCare":{"runAfter":{},"type":"Compose","inputs":"@Split(substring(items('Apply_to_each_Excel_Row')?['What type of congregate setting do you live or work in?'], 0, Sub(Length(items('Apply_to_each_Excel_Row')?['What type of congregate setting do you live or work in?']), 1)), ';')"},"Apply_to_each_CongregateCare_Row":{"foreach":"@outputs('Compose-CongregateCare')","actions":{"Insert_row_CV-CongregateCare":{"runAfter":{},"type":"OpenApiConnection","inputs":{"host":{"apiId":"/providers/Microsoft.PowerApps/apis/shared_sql","connectionName":"shared_sql_1","operationId":"PostItem_V2"},"parameters":{"server":"default","database":"default","table":"[dbo].[CV-CongregateCare]","item/CVResponseID":"@outputs('Insert_row_Survey_Response')?['body/CVResponseId']","item/CongregateCare":"@items('Apply_to_each_CongregateCare_Row')"},"authentication":{"value":"@json(decodeBase64(triggerOutputs().headers['X-MS-APIM-Tokens']))['$ConnectionKey']","type":"Raw"}}}},"runAfter":{"Compose-CongregateCare":["Succeeded"]},"type":"Foreach"}},"runAfter":{"Condition-Gatherings":["Succeeded"]},"expression":{"greater":["@length(items('Apply_to_each_Excel_Row')?['What type of congregate setting do you live or work in?'])",0]},"type":"If"},"Insert_row_(V2)_2":{"runAfter":{"Condition-Travel-End-Date":["Succeeded"]},"type":"OpenApiConnection","inputs":{"host":{"apiId":"/providers/Microsoft.PowerApps/apis/shared_sql","connectionName":"shared_sql_1","operationId":"PostItem_V2"},"parameters":{"server":"default","database":"default","table":"[dbo].[NEW_COVID19_CASES]","item/IncidentID":"@variables('IncidentID')","item/FirstName":"@items('Apply_to_each_Excel_Row')?['What is your first name?']","item/LastName":"@items('Apply_to_each_Excel_Row')?['What is your last name?']","item/DateOfBirth":"@outputs('Compose-DOB')","item/Sex":"@items('Apply_to_each_Excel_Row')?['What is your sex?']","item/City":"@items('Apply_to_each_Excel_Row')?['What city do you live in?']","item/Address":"@items('Apply_to_each_Excel_Row')?['What is your home address?']","item/Telephone":"@items('Apply_to_each_Excel_Row')?['What is your telephone number?']","item/Email":"@items('Apply_to_each_Excel_Row')?['What is your email address?']","item/TestedReason":"@items('Apply_to_each_Excel_Row')?['Why were you tested? (employer requirements, symptomatic, you were a close contact to someone with COVID-19, etc_x002e_)']","item/LabContact":"@if(equals(items('Apply_to_each_Excel_Row')?['Have you been in contact with another lab confirmed COVID-19 case?'],'Yes'),true,false)","item/PersonContact":"@items('Apply_to_each_Excel_Row')?['Please provide the full name, date of birth, and contact information for the person(s) you have been in contact with_x002e_']","item/HomeSupport":"@if(equals(items('Apply_to_each_Excel_Row')?['Do you need support to be able to stay at home?'],'Yes'),true,false)","item/Symptomatic":"@if(equals(items('Apply_to_each_Excel_Row')?['Have you been experiencing symptoms of COVID-19?'],'Yes'),true,false)","item/SymptomOnset":"@if(empty(variables('Symptom-Onset-Date')),null,variables('Symptom-Onset-Date'))","item/CurrentlySymptomatic":"@if(equals(items('Apply_to_each_Excel_Row')?['Are you still symptomatic?'],'Yes'),true,false)","item/SymptomResolved":"@if(empty(variables('Symptoms Resolved Date')),null,variables('Symptoms Resolved Date'))","item/MedicalConditons":"@if(equals(items('Apply_to_each_Excel_Row')?['Do you have any medical conditions?'],'Yes'),true,false)","item/Vaccine":"@if(equals(items('Apply_to_each_Excel_Row')?['Have you received a COVID-19 vaccine?'],'Yes'),true,false)","item/VaccineType":"@{items('Apply_to_each_Excel_Row')?['Which vaccine did you receive?']} ","item/Vaccine1Date":"@if(empty(variables('Vax1-Date')),null,variables('Vax1-Date'))","item/Vaccine2Date":"@if(empty(variables('Vax2-Date')),null,variables('Vax2-Date'))","item/MassGathering":"@if(equals(items('Apply_to_each_Excel_Row')?['Have you attended any large gatherings including, but not limited to, religious services, protest, concerts, rally, or friend~1family gatherings?'],'Yes'),true,false)","item/OutsideTravel":"@if(equals(items('Apply_to_each_Excel_Row')?['Did you travel outside of San Luis Obispo County in the 14 days prior to illness onset and~1or testing positive?'],'Yes'),true,false)","item/TravelStartDate":"@if(empty(outputs('Compose-Travel-Start-Date')),null,outputs('Compose-Travel-Start-Date'))","item/TravelEndDate":"@if(empty(outputs('Compose-Travel-End-Date')),null,outputs('Compose-Travel-End-Date'))","item/TravelPlane":"@if(equals(items('Apply_to_each_Excel_Row')?['Did you travel by plane?'],'Yes'),true,false)","item/AirlineName":"@items('Apply_to_each_Excel_Row')?['What airline did you fly with and what was your flight number(s)?']","item/TravelOther":"@if(equals(items('Apply_to_each_Excel_Row')?['Did you travel by bus, train, or boat?'],'Yes'),true,false)","item/OtherName":"@items('Apply_to_each_Excel_Row')?['What was the company (e_x002e_g_x002e_ Amtrack) and ticket number(s)?']","item/TravelDestination":"@items('Apply_to_each_Excel_Row')?['Where did you travel to (city, state)?']","item/TravelCompanion":"@items('Apply_to_each_Excel_Row')?['Who did you travel with (companions contacts)?']","item/48HrsLocation":"@items('Apply_to_each_Excel_Row')?['In the 48 hours prior to becoming ill and or testing positive, where did you go? This includes if you went to work, school, out to eat, if you used public transportation, etc_x002e_']","item/DayofLocation":"@items('Apply_to_each_Excel_Row')?['On the day your symptoms began, did you go anywhere? If you do not have symptoms please put N A below_x002e_']","item/DaysSinceLocation":"@items('Apply_to_each_Excel_Row')?['In the days since your symptoms began, day by day, please try to remember where you have been, and with who_x002e_ If you do not have symptoms please put N A below_x002e_']","item/HispanicOrigin":"@if(equals(items('Apply_to_each_Excel_Row')?['Are you Hispanic, Latino or of Spanish Origin?'],'Yes'),true,false)","item/Employed":"@if(equals(items('Apply_to_each_Excel_Row')?['Are you currently employed?'],'Yes'),true,false)","item/EmloyerName":"@items('Apply_to_each_Excel_Row')?['Employer name_x003a_']","item/EmployerAddr":"@items('Apply_to_each_Excel_Row')?['What is the address of your employment? (if you work remote from home please put that below)']","item/EmployerPhone":"@items('Apply_to_each_Excel_Row')?['Employer phone number_x003a_']","item/EmployerEmail":"@items('Apply_to_each_Excel_Row')?['Employer email_x003a_']","item/Occupation":"@items('Apply_to_each_Excel_Row')?['What is your occupation?']","item/HeathcareWorker":"@if(equals(items('Apply_to_each_Excel_Row')?['Are you a health care worker?'],'Yes'),true,false)","item/StaffCongregateCare":"@if(equals(items('Apply_to_each_Excel_Row')?['Are you a staff member or resident at a congregate setting (e_x002e_g_x002e_ skilled nursing facility, jail)'],'Yes'),true,false)","item/StaffStudent":"@if(equals(items('Apply_to_each_Excel_Row')?['Are you a staff member or student at a school?'],'Yes'),true,false)","item/SchoolName":"@items('Apply_to_each_Excel_Row')?['Name of school?']","item/AttendClass":"@if(equals(items('Apply_to_each_Excel_Row')?['Do you attend class on campus?'],'Yes'),true,false)","item/LiveOnCampus":"@if(equals(items('Apply_to_each_Excel_Row')?['Do you live on campus? (i_x002e_e_x002e_ college dorms)'],'Yes'),true,false)","item/SubmissionDate":"@outputs('Compose-Completion-Time')"},"authentication":{"value":"@json(decodeBase64(triggerOutputs().headers['X-MS-APIM-Tokens']))['$ConnectionKey']","type":"Raw"}}}},"runAfter":{"Initialize_Travel_End_Date_variable":["Succeeded"]},"type":"Foreach"},"Initialize_IncidentID_var":{"runAfter":{"List_rows_present_in_a_table":["Succeeded"]},"type":"InitializeVariable","inputs":{"variables":[{"name":"IncidentID","type":"string","value":"0"}]}},"Initialize_variable_Symptom_Onset_Date":{"runAfter":{"Initialize_Symptoms_variable":["Succeeded"]},"type":"InitializeVariable","inputs":{"variables":[{"name":"Symptom-Onset-Date","type":"string","value":"@{null}"}]}},"Initialize_Symptoms_variable":{"runAfter":{"Initialize_IncidentID_var":["Succeeded"]},"type":"InitializeVariable","inputs":{"variables":[{"name":"SymptomsVariable","type":"string","value":"0"}]}},"Initialize_Symptoms_Resolved_Date_variable":{"runAfter":{"Initialize_variable_Symptom_Onset_Date":["Succeeded"]},"type":"InitializeVariable","inputs":{"variables":[{"name":"Symptoms Resolved Date","type":"string","value":"0"}]}},"Initialize_Vax1_Date_variable":{"runAfter":{"Initialize_Symptoms_Resolved_Date_variable":["Succeeded"]},"type":"InitializeVariable","inputs":{"variables":[{"name":"Vax1-Date","type":"string","value":"0"}]}},"Initialize_Vax2_Date_variable":{"runAfter":{"Initialize_Vax1_Date_variable":["Succeeded"]},"type":"InitializeVariable","inputs":{"variables":[{"name":"Vax2-Date","type":"string","value":"0"}]}},"Initialize_Travel_Start_Date_variable":{"runAfter":{"Initialize_Vax2_Date_variable":["Succeeded"]},"type":"InitializeVariable","inputs":{"variables":[{"name":"Travel Start Date","type":"string","value":"0"}]}},"Initialize_Travel_End_Date_variable":{"runAfter":{"Initialize_Travel_Start_Date_variable":["Succeeded"]},"type":"InitializeVariable","inputs":{"variables":[{"name":"Travel End Date","type":"string","value":"0"}]}}}},"connectionReferences":{"shared_excelonlinebusiness":{"connectionName":"shared-excelonlinebu-8258e77f-b835-4103-aaee-2809-9db92dc4","source":"Invoker","id":"/providers/Microsoft.PowerApps/apis/shared_excelonlinebusiness","tier":"NotSpecified"},"shared_sql_3":{"connectionName":"shared-sql-f948f7af-1e51-46d1-a12e-542e-1bf207f1","source":"Invoker","id":"/providers/Microsoft.PowerApps/apis/shared_sql","tier":"NotSpecified"},"shared_sql_1":{"connectionName":"shared-sql-34692ef0-33a6-48ed-96f2-b336-29839d4f","source":"Invoker","id":"/providers/Microsoft.PowerApps/apis/shared_sql","tier":"NotSpecified"}},"flowFailureAlertSubscribed":false}}